{
  "Family Sans": {
    "value": "Zen Kaku Gothic New",
    "type": "text"
  },
  "Family Serif": {
    "value": "Space Grotesk",
    "type": "text"
  },
  "Family Mono": {
    "value": "Roboto Mono",
    "type": "text"
  },
  "Weight Light Italic": {
    "value": "Light Italic",
    "type": "text"
  },
  "Weight Regular Italic": {
    "value": "Italic",
    "type": "text"
  },
  "Weight Bold Italic": {
    "value": "Bold Italic",
    "type": "text"
  },
  "Weight Thin Italic": {
    "value": "Thin Italic",
    "type": "text"
  },
  "Weight Extralight Italic": {
    "value": "Extra Light Italic",
    "type": "text"
  },
  "Weight Medium Italic": {
    "value": "Medium Italic",
    "type": "text"
  },
  "Weight Semibold Italic": {
    "value": "Semi Bold Italic",
    "type": "text"
  },
  "Weight Extra Bold Italic": {
    "value": "Extra Bold Italic",
    "type": "text"
  },
  "Weight Black Italic": {
    "value": "Black Italic",
    "type": "text"
  },
  "Weight Thin": {
    "value": 100,
    "type": "number"
  },
  "Weight Extra Light": {
    "value": 200,
    "type": "number"
  },
  "Weight Light": {
    "value": 300,
    "type": "number"
  },
  "Weight Regular": {
    "value": 400,
    "type": "number"
  },
  "Weight Medium": {
    "value": 500,
    "type": "number"
  },
  "Weight Semibold": {
    "value": 600,
    "type": "number"
  },
  "Weight Bold": {
    "value": 700,
    "type": "number"
  },
  "Weight Extra Bold": {
    "value": 800,
    "type": "number"
  },
  "Weight Black": {
    "value": 900,
    "type": "number"
  },
  "Scale 10": {
    "value": 72,
    "type": "number"
  },
  "Scale 09": {
    "value": 64,
    "type": "number"
  },
  "Scale 08": {
    "value": 48,
    "type": "number"
  },
  "Scale 07": {
    "value": 40,
    "type": "number"
  },
  "Scale 06": {
    "value": 32,
    "type": "number"
  },
  "Scale 05": {
    "value": 24,
    "type": "number"
  },
  "Scale 04": {
    "value": 20,
    "type": "number"
  },
  "Scale 03": {
    "value": 16,
    "type": "number"
  },
  "Scale 02": {
    "value": 14,
    "type": "number"
  },
  "Scale 01": {
    "value": 12,
    "type": "number"
  }
}