{
  "Drop Shadow": {
    "100": {
      "value": {
        "color": "#0c0c0d0d",
        "type": "dropShadow",
        "x": 0,
        "y": 1,
        "blur": 4,
        "spread": 0
      },
      "type": "boxShadow"
    },
    "200": {
      "value": [
        {
          "color": "#0c0c0d1a",
          "type": "dropShadow",
          "x": 0,
          "y": 1,
          "blur": 4,
          "spread": 0
        },
        {
          "color": "#0c0c0d0d",
          "type": "dropShadow",
          "x": 0,
          "y": 1,
          "blur": 4,
          "spread": 0
        }
      ],
      "type": "boxShadow"
    },
    "300": {
      "value": [
        {
          "color": "#0c0c0d1a",
          "type": "dropShadow",
          "x": 0,
          "y": 4,
          "blur": 4,
          "spread": -1
        },
        {
          "color": "#0c0c0d0d",
          "type": "dropShadow",
          "x": 0,
          "y": 4,
          "blur": 4,
          "spread": -1
        }
      ],
      "type": "boxShadow"
    },
    "400": {
      "value": [
        {
          "color": "#0c0c0d1a",
          "type": "dropShadow",
          "x": 0,
          "y": 16,
          "blur": 32,
          "spread": -4
        },
        {
          "color": "#0c0c0d0d",
          "type": "dropShadow",
          "x": 0,
          "y": 4,
          "blur": 4,
          "spread": -4
        }
      ],
      "type": "boxShadow"
    },
    "500": {
      "value": [
        {
          "color": "#0c0c0d1a",
          "type": "dropShadow",
          "x": 0,
          "y": 16,
          "blur": 16,
          "spread": -8
        },
        {
          "color": "#0c0c0d0d",
          "type": "dropShadow",
          "x": 0,
          "y": 4,
          "blur": 4,
          "spread": -4
        }
      ],
      "type": "boxShadow"
    },
    "600": {
      "value": {
        "color": "#0c0c0d66",
        "type": "dropShadow",
        "x": 0,
        "y": 16,
        "blur": 32,
        "spread": -8
      },
      "type": "boxShadow"
    }
  },
  "Inner Shadow": {
    "100": {
      "value": {
        "color": "#0c0c0d0d",
        "type": "innerShadow",
        "x": 0,
        "y": 1,
        "blur": 4,
        "spread": 0
      },
      "type": "boxShadow"
    },
    "200": {
      "value": {
        "color": "#0c0c0d0d",
        "type": "innerShadow",
        "x": 0,
        "y": 1,
        "blur": 4,
        "spread": 0
      },
      "type": "boxShadow"
    },
    "300": {
      "value": {
        "color": "#0c0c0d0d",
        "type": "innerShadow",
        "x": 0,
        "y": 4,
        "blur": 4,
        "spread": -1
      },
      "type": "boxShadow"
    },
    "400": {
      "value": {
        "color": "#0c0c0d1a",
        "type": "innerShadow",
        "x": 0,
        "y": 16,
        "blur": 32,
        "spread": -4
      },
      "type": "boxShadow"
    },
    "500": {
      "value": {
        "color": "#0c0c0d1a",
        "type": "innerShadow",
        "x": 0,
        "y": 16,
        "blur": 16,
        "spread": -8
      },
      "type": "boxShadow"
    },
    "600": {
      "value": {
        "color": "#0c0c0d66",
        "type": "innerShadow",
        "x": 0,
        "y": 16,
        "blur": 32,
        "spread": -8
      },
      "type": "boxShadow"
    }
  },
  "fontFamilies": {
    "zen-kaku-gothic-new": {
      "value": "Zen Kaku Gothic New",
      "type": "fontFamilies"
    },
    "roboto-mono": {
      "value": "Roboto Mono",
      "type": "fontFamilies"
    }
  },
  "lineHeights": {
    "0": {
      "value": "120%",
      "type": "lineHeights"
    },
    "1": {
      "value": "120%",
      "type": "lineHeights"
    },
    "2": {
      "value": "120%",
      "type": "lineHeights"
    },
    "3": {
      "value": "120%",
      "type": "lineHeights"
    },
    "4": {
      "value": "120%",
      "type": "lineHeights"
    },
    "5": {
      "value": "140%",
      "type": "lineHeights"
    },
    "6": {
      "value": "140%",
      "type": "lineHeights"
    },
    "7": {
      "value": "140%",
      "type": "lineHeights"
    },
    "8": {
      "value": "140%",
      "type": "lineHeights"
    },
    "9": {
      "value": "140%",
      "type": "lineHeights"
    },
    "10": {
      "value": "140%",
      "type": "lineHeights"
    },
    "11": {
      "value": "100%",
      "type": "lineHeights"
    },
    "12": {
      "value": "100%",
      "type": "lineHeights"
    },
    "13": {
      "value": "100%",
      "type": "lineHeights"
    },
    "14": {
      "value": "140%",
      "type": "lineHeights"
    },
    "15": {
      "value": "140%",
      "type": "lineHeights"
    }
  },
  "fontWeights": {
    "zen-kaku-gothic-new-0": {
      "value": "Bold",
      "type": "fontWeights"
    },
    "zen-kaku-gothic-new-1": {
      "value": "Regular",
      "type": "fontWeights"
    },
    "roboto-mono-2": {
      "value": "Regular",
      "type": "fontWeights"
    },
    "roboto-mono-3": {
      "value": "Bold",
      "type": "fontWeights"
    }
  },
  "fontSize": {
    "0": {
      "value": "72",
      "type": "fontSizes"
    },
    "1": {
      "value": "48",
      "type": "fontSizes"
    },
    "2": {
      "value": "32",
      "type": "fontSizes"
    },
    "3": {
      "value": "24",
      "type": "fontSizes"
    },
    "4": {
      "value": "20",
      "type": "fontSizes"
    },
    "5": {
      "value": "16",
      "type": "fontSizes"
    },
    "6": {
      "value": "16",
      "type": "fontSizes"
    },
    "7": {
      "value": "16",
      "type": "fontSizes"
    },
    "8": {
      "value": "16",
      "type": "fontSizes"
    },
    "9": {
      "value": "14",
      "type": "fontSizes"
    },
    "10": {
      "value": "14",
      "type": "fontSizes"
    },
    "11": {
      "value": "16",
      "type": "fontSizes"
    },
    "12": {
      "value": "16",
      "type": "fontSizes"
    },
    "13": {
      "value": "14",
      "type": "fontSizes"
    },
    "14": {
      "value": "16",
      "type": "fontSizes"
    },
    "15": {
      "value": "16",
      "type": "fontSizes"
    }
  },
  "letterSpacing": {
    "0": {
      "value": "-3%",
      "type": "letterSpacing"
    },
    "1": {
      "value": "-2%",
      "type": "letterSpacing"
    },
    "2": {
      "value": "0%",
      "type": "letterSpacing"
    },
    "3": {
      "value": "-2%",
      "type": "letterSpacing"
    },
    "4": {
      "value": "0%",
      "type": "letterSpacing"
    },
    "5": {
      "value": "0%",
      "type": "letterSpacing"
    },
    "6": {
      "value": "0%",
      "type": "letterSpacing"
    },
    "7": {
      "value": "0%",
      "type": "letterSpacing"
    },
    "8": {
      "value": "0%",
      "type": "letterSpacing"
    },
    "9": {
      "value": "0%",
      "type": "letterSpacing"
    },
    "10": {
      "value": "0%",
      "type": "letterSpacing"
    },
    "11": {
      "value": "0%",
      "type": "letterSpacing"
    },
    "12": {
      "value": "0%",
      "type": "letterSpacing"
    },
    "13": {
      "value": "0%",
      "type": "letterSpacing"
    },
    "14": {
      "value": "0%",
      "type": "letterSpacing"
    },
    "15": {
      "value": "0%",
      "type": "letterSpacing"
    }
  },
  "paragraphSpacing": {
    "0": {
      "value": "0",
      "type": "paragraphSpacing"
    },
    "1": {
      "value": "0",
      "type": "paragraphSpacing"
    },
    "2": {
      "value": "0",
      "type": "paragraphSpacing"
    },
    "3": {
      "value": "0",
      "type": "paragraphSpacing"
    },
    "4": {
      "value": "0",
      "type": "paragraphSpacing"
    },
    "5": {
      "value": "0",
      "type": "paragraphSpacing"
    },
    "6": {
      "value": "0",
      "type": "paragraphSpacing"
    },
    "7": {
      "value": "0",
      "type": "paragraphSpacing"
    },
    "8": {
      "value": "0",
      "type": "paragraphSpacing"
    },
    "9": {
      "value": "0",
      "type": "paragraphSpacing"
    },
    "10": {
      "value": "0",
      "type": "paragraphSpacing"
    },
    "11": {
      "value": "0",
      "type": "paragraphSpacing"
    },
    "12": {
      "value": "0",
      "type": "paragraphSpacing"
    },
    "13": {
      "value": "0",
      "type": "paragraphSpacing"
    },
    "14": {
      "value": "0",
      "type": "paragraphSpacing"
    },
    "15": {
      "value": "0",
      "type": "paragraphSpacing"
    }
  },
  "Title Hero": {
    "value": {
      "fontFamily": "{undefined}",
      "fontWeight": "{fontWeights.zen-kaku-gothic-new-0}",
      "lineHeight": "{lineHeights.0}",
      "fontSize": "{undefined}",
      "letterSpacing": "{letterSpacing.0}",
      "paragraphSpacing": "{paragraphSpacing.0}",
      "paragraphIndent": "{paragraphIndent.0}",
      "textCase": "{textCase.none}",
      "textDecoration": "{textDecoration.none}"
    },
    "type": "typography"
  },
  "Title Page": {
    "value": {
      "fontFamily": "{undefined}",
      "fontWeight": "{fontWeights.zen-kaku-gothic-new-0}",
      "lineHeight": "{lineHeights.0}",
      "fontSize": "{undefined}",
      "letterSpacing": "{letterSpacing.1}",
      "paragraphSpacing": "{paragraphSpacing.0}",
      "paragraphIndent": "{paragraphIndent.0}",
      "textCase": "{textCase.none}",
      "textDecoration": "{textDecoration.none}"
    },
    "type": "typography"
  },
  "Subtitle": {
    "value": {
      "fontFamily": "{undefined}",
      "fontWeight": "{fontWeights.zen-kaku-gothic-new-1}",
      "lineHeight": "{lineHeights.0}",
      "fontSize": "{undefined}",
      "letterSpacing": "{letterSpacing.2}",
      "paragraphSpacing": "{paragraphSpacing.0}",
      "paragraphIndent": "{paragraphIndent.0}",
      "textCase": "{textCase.none}",
      "textDecoration": "{textDecoration.none}"
    },
    "type": "typography"
  },
  "Heading": {
    "value": {
      "fontFamily": "{undefined}",
      "fontWeight": "{fontWeights.zen-kaku-gothic-new-0}",
      "lineHeight": "{lineHeights.0}",
      "fontSize": "{undefined}",
      "letterSpacing": "{letterSpacing.1}",
      "paragraphSpacing": "{paragraphSpacing.0}",
      "paragraphIndent": "{paragraphIndent.0}",
      "textCase": "{textCase.none}",
      "textDecoration": "{textDecoration.none}"
    },
    "type": "typography"
  },
  "Subheading": {
    "value": {
      "fontFamily": "{undefined}",
      "fontWeight": "{fontWeights.zen-kaku-gothic-new-1}",
      "lineHeight": "{lineHeights.0}",
      "fontSize": "{undefined}",
      "letterSpacing": "{letterSpacing.2}",
      "paragraphSpacing": "{paragraphSpacing.0}",
      "paragraphIndent": "{paragraphIndent.0}",
      "textCase": "{textCase.none}",
      "textDecoration": "{textDecoration.none}"
    },
    "type": "typography"
  },
  "Body Base": {
    "value": {
      "fontFamily": "{undefined}",
      "fontWeight": "{fontWeights.zen-kaku-gothic-new-1}",
      "lineHeight": "{lineHeights.5}",
      "fontSize": "{undefined}",
      "letterSpacing": "{letterSpacing.2}",
      "paragraphSpacing": "{paragraphSpacing.0}",
      "paragraphIndent": "{paragraphIndent.0}",
      "textCase": "{textCase.none}",
      "textDecoration": "{textDecoration.none}"
    },
    "type": "typography"
  },
  "Body Strong": {
    "value": {
      "fontFamily": "{undefined}",
      "fontWeight": "{fontWeights.zen-kaku-gothic-new-0}",
      "lineHeight": "{lineHeights.5}",
      "fontSize": "{undefined}",
      "letterSpacing": "{letterSpacing.2}",
      "paragraphSpacing": "{paragraphSpacing.0}",
      "paragraphIndent": "{paragraphIndent.0}",
      "textCase": "{textCase.none}",
      "textDecoration": "{textDecoration.none}"
    },
    "type": "typography"
  },
  "Body Emphasis": {
    "value": {
      "fontFamily": "{undefined}",
      "fontWeight": "{undefined}",
      "lineHeight": "{lineHeights.5}",
      "fontSize": "{undefined}",
      "letterSpacing": "{letterSpacing.2}",
      "paragraphSpacing": "{paragraphSpacing.0}",
      "paragraphIndent": "{paragraphIndent.0}",
      "textCase": "{textCase.none}",
      "textDecoration": "{textDecoration.none}"
    },
    "type": "typography"
  },
  "Body Link": {
    "value": {
      "fontFamily": "{undefined}",
      "fontWeight": "{fontWeights.zen-kaku-gothic-new-1}",
      "lineHeight": "{lineHeights.5}",
      "fontSize": "{undefined}",
      "letterSpacing": "{letterSpacing.2}",
      "paragraphSpacing": "{paragraphSpacing.0}",
      "paragraphIndent": "{paragraphIndent.0}",
      "textCase": "{textCase.none}",
      "textDecoration": "{textDecoration.underline}"
    },
    "type": "typography"
  },
  "Body Small": {
    "value": {
      "fontFamily": "{undefined}",
      "fontWeight": "{fontWeights.zen-kaku-gothic-new-1}",
      "lineHeight": "{lineHeights.5}",
      "fontSize": "{undefined}",
      "letterSpacing": "{letterSpacing.2}",
      "paragraphSpacing": "{paragraphSpacing.0}",
      "paragraphIndent": "{paragraphIndent.0}",
      "textCase": "{textCase.none}",
      "textDecoration": "{textDecoration.none}"
    },
    "type": "typography"
  },
  "Body Small Strong": {
    "value": {
      "fontFamily": "{undefined}",
      "fontWeight": "{fontWeights.zen-kaku-gothic-new-0}",
      "lineHeight": "{lineHeights.5}",
      "fontSize": "{undefined}",
      "letterSpacing": "{letterSpacing.2}",
      "paragraphSpacing": "{paragraphSpacing.0}",
      "paragraphIndent": "{paragraphIndent.0}",
      "textCase": "{textCase.none}",
      "textDecoration": "{textDecoration.none}"
    },
    "type": "typography"
  },
  "Body Code": {
    "value": {
      "fontFamily": "{undefined}",
      "fontWeight": "{fontWeights.roboto-mono-2}",
      "lineHeight": "{lineHeights.11}",
      "fontSize": "{undefined}",
      "letterSpacing": "{letterSpacing.2}",
      "paragraphSpacing": "{paragraphSpacing.0}",
      "paragraphIndent": "{paragraphIndent.0}",
      "textCase": "{textCase.none}",
      "textDecoration": "{textDecoration.none}"
    },
    "type": "typography"
  },
  "Single Line": {
    "Body Base": {
      "value": {
        "fontFamily": "{undefined}",
        "fontWeight": "{fontWeights.zen-kaku-gothic-new-1}",
        "lineHeight": "{lineHeights.11}",
        "fontSize": "{undefined}",
        "letterSpacing": "{letterSpacing.2}",
        "paragraphSpacing": "{paragraphSpacing.0}",
        "paragraphIndent": "{paragraphIndent.0}",
        "textCase": "{textCase.none}",
        "textDecoration": "{textDecoration.none}"
      },
      "type": "typography",
      "description": "Used for any text element where you need 100% line height. For example, an input field, a label."
    },
    "Body Small Strong": {
      "value": {
        "fontFamily": "{undefined}",
        "fontWeight": "{fontWeights.zen-kaku-gothic-new-0}",
        "lineHeight": "{lineHeights.11}",
        "fontSize": "{undefined}",
        "letterSpacing": "{letterSpacing.2}",
        "paragraphSpacing": "{paragraphSpacing.0}",
        "paragraphIndent": "{paragraphIndent.0}",
        "textCase": "{textCase.none}",
        "textDecoration": "{textDecoration.none}"
      },
      "type": "typography"
    }
  },
  "": {
    "Utilities": {
      "Component notes": {
        "Regular": {
          "value": {
            "fontFamily": "{undefined}",
            "fontWeight": "{fontWeights.roboto-mono-2}",
            "lineHeight": "{lineHeights.5}",
            "fontSize": "{undefined}",
            "letterSpacing": "{letterSpacing.2}",
            "paragraphSpacing": "{paragraphSpacing.0}",
            "paragraphIndent": "{paragraphIndent.0}",
            "textCase": "{textCase.none}",
            "textDecoration": "{textDecoration.none}"
          },
          "type": "typography"
        },
        "Bold": {
          "value": {
            "fontFamily": "{undefined}",
            "fontWeight": "{fontWeights.roboto-mono-3}",
            "lineHeight": "{lineHeights.5}",
            "fontSize": "{undefined}",
            "letterSpacing": "{letterSpacing.2}",
            "paragraphSpacing": "{paragraphSpacing.0}",
            "paragraphIndent": "{paragraphIndent.0}",
            "textCase": "{textCase.none}",
            "textDecoration": "{textDecoration.none}"
          },
          "type": "typography"
        }
      }
    }
  },
  "textCase": {
    "none": {
      "value": "none",
      "type": "textCase"
    }
  },
  "textDecoration": {
    "none": {
      "value": "none",
      "type": "textDecoration"
    },
    "underline": {
      "value": "underline",
      "type": "textDecoration"
    }
  },
  "paragraphIndent": {
    "0": {
      "value": "0px",
      "type": "dimension"
    }
  }
}